{
  "indicators": [
    "total_volume",
    "total_value",
    "avg_monthly_volume",
    "market_share",
    "avg_unit_price",
    "stability",
    "trend_coef"
  ],
  "data": [
    {
      "country": "Argentina",
      "pre": [
        0.0,
        0.0,
        0.0,
        0.0,
        0.610692845830052,
        0.0683909934520463,
        0.5991896659541042
      ],
      "post": [
        0.010025169343959956,
        0.005375012520794522,
        0.01991248417311604,
        0.018018186176461566,
        0.9753890410783553,
        0.5036360595256982,
        0.4904358819305934
      ]
    },
    {
      "country": "Brazil",
      "pre": [
        0.9156600298695097,
        0.9961461516078668,
        0.755429108083206,
        0.7861275453623395,
        0.6151322015846543,
        0.7605559172697489,
        0.0
      ],
      "post": [
        1.0,
        1.0,
        1.0,
        1.0,
        1.0,
        1.0,
        1.0
      ]
    },
    {
      "country": "USA",
      "pre": [
        0.29201961694178186,
        0.36435394442980107,
        0.2409192402998822,
        0.2507094960744424,
        0.0,
        0.27861234329583073,
        0.8811400294375186
      ],
      "post": [
        0.010832355617215352,
        0.017131320948489792,
        0.02071160872140398,
        0.01881885526032052,
        0.2635137079870709,
        0.0,
        0.2652387263704498
      ]
    }
  ]
}